{"50.4712598,3.2255848": 33.0, "49.20622341,7.33200523": 229.0, "47.8843961,12.268695": 469.0, "47.8845781,12.2688102": 467.0, "47.75469371,12.36985826": 1536.0, "47.73929081,12.2985462": 726.0, "47.8840392,12.2691782": 475.0, "47.8838704,12.2689349": 475.0, "46.3441601,13.6859301": 513.0, "46.3099344,13.6607027": 508.0, "46.4925863,13.7423622": 831.0, "46.47374907,13.82976557": 852.0, "46.4743177,13.7832763": 828.0, "46.2844657,13.5485432": 303.0, "46.33384454,13.506811": 501.0, "46.3436471,13.685579": 509.0, "46.41669885,13.55611926": 977.0, "46.27889417,13.86492685": 528.0, "46.4425496,13.65522193": 2345.0, "46.3406772,13.684065": 507.0, "46.7546053,13.5694138": 515.0, "48.4250686,10.3016952": 479.0}
